Workbook

Sheet Planning Poker
A1: Planning Poker (estimativa de esforço por pacote da EAP)
A3: ID | B3: Pacote de trabalho | C3: Rodada | D3: João Vicente | E3: Lucas | F3: Daniel | G3: Karine | H3: Bruno | I3: Ana Laura | J3: Consenso
A4: 1.1 | B4: Documento de Visão e Plano de Projeto | C4: 1 | D4: 2 | E4: 8 | F4: 3 | G4: 3 | H4: 3 | I4: 2 | J4: 5
A5: 1.2 | B5: Mapeamento e Análise de Riscos | C5: 1 | D5: 5 | E5: 5 | F5: 2 | G5: 8 | H5: 5 | I5: 5 | J5: 5
A6: 1.3 | B6: Planning Poker | C6: 1 | D6: 1 | E6: 2 | F6: 1 | G6: 5 | H6: 2 | I6: 3 | J6: 1
A7: 1.4 | B7: Orçamento e Cronograma (Gantt) | C7: 1 | D7: 3 | E7: 3 | F7: 8 | G7: 8 | H7: 5 | I7: 3 | J7: 5
A8: 1.5 | B8: Monitoramento e Controle (Burndown e EVM) | C8: 1 | D8: 5 | E8: 5 | F8: 3 | G8: 3 | H8: 8 | I8: 3 | J8: 3
A9: 2.1 | B9: Levantamento de Requisitos (RF/RNF) | C9: 1 | D9: 5 | E9: 5 | F9: 8 | G9: 5 | H9: 5 | I9: 8 | J9: 5
A10: 2.2 | B10: Protótipo de Alta Fidelidade no Figma (v1) | C10: 1 | D10: 8 | E10: 13 | F10: 8 | G10: 1 | H10: 13 | I10: 8 | J10: 8
A11: 2.3 | B11: Validação dos Fluxos (Busca, Log, Perfil) | C11: 1 | D11: 3 | E11: 8 | F11: 2 | G11: 5 | H11: 3 | I11: 5 | J11: 3
A12: 3.1 | B12: Repositório GitHub sob Licença MIT | C12: 1 | D12: 2 | E12: 2 | F12: 1 | G12: 1 | H12: 1 | I12: 1 | J12: 1
A13: 3.2 | B13: Estratégia de Branches | C13: 1 | D13: 1 | E13: 5 | F13: 1 | G13: 1 | H13: 1 | I13: 1 | J13: 1
A14: 3.3 | B14: Ambiente de Desenvolvimento e Ferramentas | C14: 2 | D14: 1 | E14: 2 | F14: 1 | G14: 1 | H14: 2 | I14: 1 | J14: 1
A15: 3.4 | B15: Modelagem do Banco de Dados | C15: 2 | D15: 3 | E15: 3 | F15: 8 | G15: 3 | H15: 3 | I15: 5 | J15: 5
... A31: 7.5 | B31: Consolidação Final e Entrega | C31: 3 | D31: 1 | E31: 1 | F31: 1 | G31: 1 | H31: 1 | I31: 1 | J31: 1

Sheet Monitoramento (EVM)
A1: Monitoramento e Controle (EVM)
A3: Rodada analisada: | B3: 1
A5: ID | B5: Pacote | C5: Rodada | D5: Responsável | E5: PV | F5: % Concluído | G5: AC | H5: EV
A6: ='Planning Poker'!A4 -> 1.1 | B6: ='Planning Poker'!B4 -> Documento de Visão e Plano de Projeto | C6: ='Planning Poker'!C4 -> 1 | D6: Daniel | E6: =IF('Planning Poker'!J4="","",'Planning Poker'!J4) -> 5 | F6: 1 | G6: 5 | H6: =IF(E6="","",E6*F6) -> 5
A7: ='Planning Poker'!A5 -> 1.2 | B7: ='Planning Poker'!B5 -> Mapeamento e Análise de Riscos | C7: ='Planning Poker'!C5 -> 1 | D7: João Vicente | E7: =IF('Planning Poker'!J5="","",'Planning Poker'!J5) -> 5 | F7: 1 | G7: 5 | H7: =IF(E7="","",E7*F7) -> 5
A8: ='Planning Poker'!A6 -> 1.3 | B8: ='Planning Poker'!B6 -> Planning Poker | C8: ='Planning Poker'!C6 -> 1 | D8: João Vicente | E8: =IF('Planning Poker'!J6="","",'Planning Poker'!J6) -> 1 | F8: 1 | G8: 2 | H8: =IF(E8="","",E8*F8) -> 1
A9: ='Planning Poker'!A7 -> 1.4 | B9: ='Planning Poker'!B7 -> Orçamento e Cronograma (Gantt) | C9: ='Planning Poker'!C7 -> 1 | D9: Daniel | E9: =IF('Planning Poker'!J7="","",'Planning Poker'!J7) -> 5 | F9: 1 | G9: 3 | H9: =IF(E9="","",E9*F9) -> 5
A10: ='Planning Poker'!A8 -> 1.5 | B10: ='Planning Poker'!B8 -> Monitoramento e Controle (Burndown e EVM) | C10: ='Planning Poker'!C8 -> 1 | D10: Karine | E10: =IF('Planning Poker'!J8="","",'Planning Poker'!J8) -> 3 | F10: 1 | G10: 5 | H10: =IF(E10="","",E10*F10) -> 3
A11: ='Planning Poker'!A9 -> 2.1 | B11: ='Planning Poker'!B9 -> Levantamento de Requisitos (RF/RNF) | C11: ='Planning Poker'!C9 -> 1 | D11: Lucas | E11: =IF('Planning Poker'!J9="","",'Planning Poker'!J9) -> 5 | F11: 1 | G11: 5 | H11: =IF(E11="","",E11*F11) -> 5
A12: ='Planning Poker'!A10 -> 2.2 | B12: ='Planning Poker'!B10 -> Protótipo de Alta Fidelidade no Figma (v1) | C12: ='Planning Poker'!C10 -> 1 | D12: Bruno | E12: =IF('Planning Poker'!J10="","",'Planning Poker'!J10) -> 8 | F12: 0.75 | G12: 8 | H12: =IF(E12="","",E12*F12) -> 6
A13: ='Planning Poker'!A11 -> 2.3 | B13: ='Planning Poker'!B11 -> Validação dos Fluxos (Busca, Log, Perfil) | C13: ='Planning Poker'!C11 -> 1 | D13: Bruno | E13: =IF('Planning Poker'!J11="","",'Planning Poker'!J11) -> 3 | F13: 1 | G13: 3 | H13: =IF(E13="","",E13*F13) -> 3
A14: ='Planning Poker'!A12 -> 3.1 | B14: ='Planning Poker'!B12 -> Repositório GitHub sob Licença MIT | C14: ='Planning Poker'!C12 -> 1 | D14: Lucas | E14: =IF('Planning Poker'!J12="","",'Planning Poker'!J12) -> 1 | F14: 1 | G14: 2 | H14: =IF(E14="","",E14*F14) -> 1
A15: ='Planning Poker'!A13 -> 3.2 | B15: ='Planning Poker'!B13 -> Estratégia de Branches | C15: ='Planning Poker'!C13 -> 1 | D15: Ana Laura | E15: =IF('Planning Poker'!J13="","",'Planning Poker'!J13) -> 1 | F15: 1 | G15: 1 | H15: =IF(E15="","",E15*F15) -> 1
A16: ='Planning Poker'!A14 -> 3.3 | B16: ='Planning Poker'!B14 -> Ambiente de Desenvolvimento e Ferramentas | C16: ='Planning Poker'!C14 -> 2 | E16: =IF('Planning Poker'!J14="","",'Planning Poker'!J14) -> 1 | H16: =IF(E16="","",E16*F16) -> 0
A17: ='Planning Poker'!A15 -> 3.4 | B17: ='Planning Poker'!B15 -> Modelagem do Banco de Dados | C17: ='Planning Poker'!C15 -> 2 | E17: =IF('Planning Poker'!J15="","",'Planning Poker'!J15) -> 5 | H17: =IF(E17="","",E17*F17) -> 0
A18: ='Planning Poker'!A16 -> 3.5 | B18: ='Planning Poker'!B16 -> Configuração de Deploy e Hospedagem | C18: ='Planning Poker'!C16 -> 2 | E18: =IF('Planning Poker'!J16="","",'Planning Poker'!J16) -> 3 | H18: =IF(E18="","",E18*F18) -> 0
A19: ='Planning Poker'!A17 -> 4.1 | B19: ='Planning Poker'!B17 -> Integração com API Externa + cache | C19: ='Planning Poker'!C17 -> 2 | E19: =IF('Planning Poker'!J17="","",'Planning Poker'!J17) -> 5 | H19: =IF(E19="","",E19*F19) -> 0
A20: ='Planning Poker'!A18 -> 4.2 | B20: ='Planning Poker'!B18 -> Mecanismo de Busca (álbuns, faixas, artistas) | C20: ='Planning Poker'!C18 -> 2 | E20: =IF('Planning Poker'!J18="","",'Planning Poker'!J18) -> 5 | H20: =IF(E20="","",E20*F20) -> 0
A21: ='Planning Poker'!A19 -> 4.3 | B21: ='Planning Poker'!B19 -> Tela de Detalhes da Obra | C21: ='Planning Poker'!C19 -> 2 | E21: =IF('Planning Poker'!J19="","",'Planning Poker'!J19) -> 5 | H21: =IF(E21="","",E21*F21) -> 0
A22: ='Planning Poker'!A20 -> 5.1 | B22: ='Planning Poker'!B20 -> Cadastro e Autenticação (login/logout) | C22: ='Planning Poker'!C20 -> 2 | E22: =IF('Planning Poker'!J20="","",'Planning Poker'!J20) -> 8 | H22: =IF(E22="","",E22*F22) -> 0
A23: ='Planning Poker'!A21 -> 5.2 | B23: ='Planning Poker'!B21 -> Perfil de Usuário (ver, editar, favoritos) | C23: ='Planning Poker'!C21 -> 2 | E23: =IF('Planning Poker'!J21="","",'Planning Poker'!J21) -> 8 | H23: =IF(E23="","",E23*F23) -> 0
A24: ='Planning Poker'!A22 -> 5.3 | B24: ='Planning Poker'!B22 -> Registro de Escuta (Log) com data | C24: ='Planning Poker'!C22 -> 2 | E24: =IF('Planning Poker'!J22="","",'Planning Poker'!J22) -> 5 | H24: =IF(E24="","",E24*F24) -> 0
A25: ='Planning Poker'!A23 -> 5.4 | B25: ='Planning Poker'!B23 -> Atribuição de Notas e Resenhas | C25: ='Planning Poker'!C23 -> 2 | E25: =IF('Planning Poker'!J23="","",'Planning Poker'!J23) -> 5 | H25: =IF(E25="","",E25*F25) -> 0
A26: ='Planning Poker'!A24 -> 6.1 | B26: ='Planning Poker'!B24 -> Criar, Editar e Exibir Listas Temáticas | C26: ='Planning Poker'!C24 -> 3 | E26: =IF('Planning Poker'!J24="","",'Planning Poker'!J24) -> 5 | H26: =IF(E26="","",E26*F26) -> 0
A27: ='Planning Poker'!A25 -> 6.2 | B27: ='Planning Poker'!B25 -> Feed Social e Mecanismo de Seguir | C27: ='Planning Poker'!C25 -> 3 | E27: =IF('Planning Poker'!J25="","",'Planning Poker'!J25) -> 13 | H27: =IF(E27="","",E27*F27) -> 0
... A31: ='Planning Poker'!A29 -> 7.3 | B31: ='Planning Poker'!B29 -> Ajustes de Usabilidade | C31: ='Planning Poker'!C29 -> 3 | E31: =IF('Planning Poker'!J29="","",'Planning Poker'!J29) -> 5 | H31: =IF(E31="","",E31*F31) -> 0
A32: ='Planning Poker'!A30 -> 7.4 | B32: ='Planning Poker'!B30 -> Preparação de Artefatos e Apresentações | C32: ='Planning Poker'!C30 -> 1 | D32: Ana Laura | E32: =IF('Planning Poker'!J30="","",'Planning Poker'!J30) -> 3 | F32: 1 | G32: 3 | H32: =IF(E32="","",E32*F32) -> 3
A33: ='Planning Poker'!A31 -> 7.5 | B33: ='Planning Poker'!B31 -> Consolidação Final e Entrega | C33: ='Planning Poker'!C31 -> 3 | E33: =IF('Planning Poker'!J31="","",'Planning Poker'!J31) -> 1 | H33: =IF(E33="","",E33*F33) -> 0
D34: TOTAL (todas as rodadas) | E34: =SUM(E6:E33) -> 132 | G34: =SUM(G6:G33) -> 42 | H34: =SUM(H6:H33) -> 38
A36: RESUMO EVM
A37: Indicador | B37: Rodada selecionada | C37: Projeto (geral)
A38: PV (Valor Planejado) | B38: =SUMIF($C$6:$C$33,$B$3,$E$6:$E$33) -> 40 | C38: =SUM(E6:E33) -> 132
A39: EV (Valor Agregado) | B39: =SUMIF($C$6:$C$33,$B$3,$H$6:$H$33) -> 38 | C39: =SUM(H6:H33) -> 38
A40: AC (Custo Real) | B40: =SUMIF($C$6:$C$33,$B$3,$G$6:$G$33) -> 42 | C40: =SUM(G6:G33) -> 42
A41: SPI = EV/PV | B41: =IFERROR(B39/B38,"") -> 0.95 | C41: =IFERROR(C39/C38,"") -> 0.28787879
A42: CPI = EV/AC | B42: =IFERROR(B39/B40,"") -> 0.9047619 | C42: =IFERROR(C39/C40,"") -> 0.9047619

Sheet Valor por Membro
A1: Valor por Membro (PV, EV, AC, SPI, CPI)
A3: Membro | B3: PV | C3: EV | D3: AC | E3: SPI | F3: CPI
A4: João Vicente | B4: =SUMIF('Monitoramento (EVM)'!$D$6:$D$33,A4,'Monitoramento (EVM)'!$E$6:$E$33) -> 6 | C4: =SUMIF('Monitoramento (EVM)'!$D$6:$D$33,A4,'Monitoramento (EVM)'!$H$6:$H$33) -> 6 | D4: =SUMIF('Monitoramento (EVM)'!$D$6:$D$33,A4,'Monitoramento (EVM)'!$G$6:$G$33) -> 7 | E4: =IFERROR(C4/B4,"") -> 1 | F4: =IFERROR(C4/D4,"") -> 0.85714286
A5: Lucas | B5: =SUMIF('Monitoramento (EVM)'!$D$6:$D$33,A5,'Monitoramento (EVM)'!$E$6:$E$33) -> 6 | C5: =SUMIF('Monitoramento (EVM)'!$D$6:$D$33,A5,'Monitoramento (EVM)'!$H$6:$H$33) -> 6 | D5: =SUMIF('Monitoramento (EVM)'!$D$6:$D$33,A5,'Monitoramento (EVM)'!$G$6:$G$33) -> 7 | E5: =IFERROR(C5/B5,"") -> 1 | F5: =IFERROR(C5/D5,"") -> 0.85714286
A6: Daniel | B6: =SUMIF('Monitoramento (EVM)'!$D$6:$D$33,A6,'Monitoramento (EVM)'!$E$6:$E$33) -> 10 | C6: =SUMIF('Monitoramento (EVM)'!$D$6:$D$33,A6,'Monitoramento (EVM)'!$H$6:$H$33) -> 10 | D6: =SUMIF('Monitoramento (EVM)'!$D$6:$D$33,A6,'Monitoramento (EVM)'!$G$6:$G$33) -> 8 | E6: =IFERROR(C6/B6,"") -> 1 | F6: =IFERROR(C6/D6,"") -> 1.25
A7: Karine | B7: =SUMIF('Monitoramento (EVM)'!$D$6:$D$33,A7,'Monitoramento (EVM)'!$E$6:$E$33) -> 3 | C7: =SUMIF('Monitoramento (EVM)'!$D$6:$D$33,A7,'Monitoramento (EVM)'!$H$6:$H$33) -> 3 | D7: =SUMIF('Monitoramento (EVM)'!$D$6:$D$33,A7,'Monitoramento (EVM)'!$G$6:$G$33) -> 5 | E7: =IFERROR(C7/B7,"") -> 1 | F7: =IFERROR(C7/D7,"") -> 0.6
A8: Bruno | B8: =SUMIF('Monitoramento (EVM)'!$D$6:$D$33,A8,'Monitoramento (EVM)'!$E$6:$E$33) -> 11 | C8: =SUMIF('Monitoramento (EVM)'!$D$6:$D$33,A8,'Monitoramento (EVM)'!$H$6:$H$33) -> 9 | D8: =SUMIF('Monitoramento (EVM)'!$D$6:$D$33,A8,'Monitoramento (EVM)'!$G$6:$G$33) -> 11 | E8: =IFERROR(C8/B8,"") -> 0.81818182 | F8: =IFERROR(C8/D8,"") -> 0.81818182
A9: Ana Laura | B9: =SUMIF('Monitoramento (EVM)'!$D$6:$D$33,A9,'Monitoramento (EVM)'!$E$6:$E$33) -> 4 | C9: =SUMIF('Monitoramento (EVM)'!$D$6:$D$33,A9,'Monitoramento (EVM)'!$H$6:$H$33) -> 4 | D9: =SUMIF('Monitoramento (EVM)'!$D$6:$D$33,A9,'Monitoramento (EVM)'!$G$6:$G$33) -> 4 | E9: =IFERROR(C9/B9,"") -> 1 | F9: =IFERROR(C9/D9,"") -> 1
A10: TOTAL | B10: =SUM(B4:B9) -> 40 | C10: =SUM(C4:C9) -> 38 | D10: =SUM(D4:D9) -> 42 | E10: =IFERROR(C10/B10,"") -> 0.95 | F10: =IFERROR(C10/D10,"") -> 0.9047619

Sheet Burndown
A1: Burndown da Iteração
A3: Rodada 1
A5: Esforço total: | B5: ='Monitoramento (EVM)'!B38 -> 40 | D5: Duração (dias): | E5: 19
A7: Dia | B7: Esforço restante IDEAL | C7: Esforço restante REAL
A8: 0 | B8: =IF(A8>$E$5,"",ROUND($B$5*(1-A8/$E$5),1)) -> 40 | C8: 40
A9: 5 | B9: =IF(A9>$E$5,"",ROUND($B$5*(1-A9/$E$5),1)) -> 29.5 | C9: 40
A10: 10 | B10: =IF(A10>$E$5,"",ROUND($B$5*(1-A10/$E$5),1)) -> 18.9 | C10: 32
A11: 15 | B11: =IF(A11>$E$5,"",ROUND($B$5*(1-A11/$E$5),1)) -> 8.4 | C11: 28
A12: 19 | B12: =IF(A12>$E$5,"",ROUND($B$5*(1-A12/$E$5),1)) -> 0 | C12: 0
